Educación,¿Cuándo comenzó tu proyecto?,¿Por qué decidiste emprender?,¿Qué desafíos tuviste a la hora de empezar/decidir a emprender?,"¿Accediste a financiamiento? famila, amigos, angel investors, venture capital...",¿Cuál fue la fuente de ese financiamiento?,Etapa del proyecto,¿Con cuantos potenciales inversores contactaste? ,Si participaste de una incubadora/aceleradora. ¿Cómo impactó ese proceso en tu negocio?,¿Por qué no accediste a fondos?,¿Qué desafíos tenés cómo founder hoy en día?,¿Algún desafío único para crear productos para el mercado Argentino?,¿Dónde necesitas más apoyo?,¿Qué políticas o regulaciones te perjudican?,¿Qué políticas o regulaciones te benefician?,Tipo de empresa,Cantidad de gente en el equipo,¿Qué porcentaje de ese equipo está en Argentina?,Burn-rate mensual de tu empresa (opcional),Revenue mensual de tu empresa (opcional),Lugar trabajo,Estructura legal,@,Repetido,Not crypto,included in Landscape,Industria/vertical,Edad,Lugar de nacimiento - Provincia,Lugar de nacimiento - Pais,Lugar de residencia - Provincia,Lugar de residencia - Pais
Universitario completo (Institución privada),8/20/2021,"Idea, queres mejorar procesos y eficiencia de las transferencias internacionales",Falta de clientes,Si,"Fondos propios, Friends & Family",Series A,1 -10,No me ayudó,,Velocidad de ejecución,Todo es desafío y oportunidad a la vez,Velocidad de ejecución,"Me encantan, incentiva la innovación y adopción ",PSAV y todo el sistema bancario en general (por separado me refiero),Servicio,13,Entre el 76% y el 99%,,,Híbrido,"Argentina, Delaware (LLC or C-Corp), Estonia ",,,,,CeFi,25,,Argentina,,Argentina
Universitario completo (Institución pública),1/1/2023,Quería cambiar el mundo,"Falta de socios, Falta de financiamiento",No,,,,,"Empecé a hablar con algunos VCs e inversores ángeles. Algunos interesados, pero buscando más tracción. El ""hablemos más adelante"". Empecé a buscar la forma de hacerlo por mi mismo, conseguir fondos en paralelo y bootstrappear","Financiamiento (deuda, working capital), Conexiones, Velocidad de ejecución","Desafío y oportunidad al mismo tiempo: Argentina tiene un problema macro nuevo todos los días. Te enseña de resiliencia y a no relajarte, bullish","Inversión (equity), Conexiones, Velocidad de ejecución","No hay regulaciones en particular que me perjudiquen (más allá de que abrir una sociedad legal en Argentina es una burocracia y un entendimiento eterno que requiere de expertos). Sería genial que todo sea más fáciil, un par de clicks y de entendimiento para cualquier founder, y no que necesitemos contratar abogados si o si para cada paso que damos en ese sentido","Regulación que no sólo es local, pero a nivel del derecho a la portabilidad de datos que tienen las personas",Producto,3,100% en Argentina,,,Remoto,No hay,,,,,Identity,24,Buenos Aires,Argentina,Buenos Aires,Argentina
Universitario completo (Institución privada),10/1/2023,Desafio,"Impacto emocional, Falta de clientes, Falta de socios, Falta de financiamiento",No,,,,,No encontré interesados en el proyecto,"Inversión (equity), Go to market, Conexiones",.,Conexiones,.,.,Producto,4,Menos del 25%,,,Remoto,No hay,,,,,Advertising,27,Buenos Aires,Argentina,Buenos Aires,Argentina
Universitario completo (Institución privada),4/1/2022,Desafio,"Falta de conocimiento/skills, Impacto emocional",Si,"Inversión Ángel, Fondos de Venture Capital",Seed,+ 100,No participé,,Velocidad de ejecución,Fraude,Velocidad de ejecución,"Reventa de entradas, planos de pago elevados (bcra)",Apertura de cuenta a mayores de 13,Producto,15,100% en Argentina,,,Híbrido,"Argentina, Delaware (LLC or C-Corp)",,,,,Payments,28,Buenos Aires,Argentina,Buenos Aires,Argentina
Secundario incompleto,4/21/2024,Desafio,"Falta de socios, Falta de financiamiento",No,,,,,"No sabía cómo hacerlo, No tenía los contactos para hacerlo","Infraestructura corporativa, Equipo, Desarrollo de producto, Go to market, Velocidad de ejecución",Musica en streaming digital con blockchain,"Inversión (equity), Financiamiento (deuda, working capital), Equipo, Conexiones, Sistema regulatorio",No se,No se,Producto,2,100% en Argentina,,,Remoto,Todavia no hay,,,,,?,29,,Argentina,Corrientes,Argentina
Estudios de especialización,4/23/2023,Quería cambiar el mundo,"Falta de conocimiento/skills, Falta de clientes, Falta de socios, Falta de financiamiento",Si,"Fondos propios, Friends & Family",Seed,1 -10,No participé,,"Inversión (equity), Equipo, Desarrollo de producto, Go to market, Conexiones",No comprendo la consulta.,"Inversión (equity), Equipo, Desarrollo de producto, Go to market","Ninguna. El producto tiene base cripto, pero no está afectado por regulaciones.","Ninguna. El producto tiene base cripto, pero no está beneficiado por regulaciones.",Ambas,2,100% en Argentina,,,Remoto,Argentina,,,,,?,46,Formosa,Argentina, Santa Fe,Argentina
Universitario completo (Institución pública),4/1/2023,aprendizaje,"Falta de conocimiento/skills, Falta de clientes",No,,,,,No los necesitaba,"Inversión (equity), Financiamiento (deuda, working capital), Equipo, Go to market, Conexiones",mercado pequeño,"Go to market, Conexiones",en la app que estamos haciendo ninguna x ahora,ninguna x ahora ,Servicio,4,100% en Argentina,,,Remoto,No hay,,,,,Security,41,Buenos Aires,Argentina,Buenos Aires,Argentina
Universitario incompleto (Institución privada),9/1/2023,Desafio,"Falta de conocimiento/skills, Falta de clientes, Falta de socios, Falta de financiamiento",Si,"Fondos propios, Friends & Family",Pre-seed,1 -10,No participé,,"Inversión (equity), Desarrollo de producto, Conexiones",Atraer gente de web2,"Inversión (equity), Sistema regulatorio",Regulacciones financieras,ninguna,Servicio,2,100% en Argentina,,,Híbrido,No hay,,repetido,,,,25,Buenos Aires,Argentina,Buenos Aires,Argentina
Universitario completo (Institución pública),2/8/2024,Oportunidad,tuve ciertos desafíos tecnológicos ya que hay cosas propias de Kujira que conocen solo los founders. Lo bueno es que le dan bastante bola a los proyectos nuevos.,No,,,,,Mi intención siempre es construir algo que aporta valor y luego buscar $,Sistema regulatorio,No,Sistema regulatorio,"Sinceramente no lo se, no le dediqué tiempo a eso aún.","Sinceramente no lo se, no le dediqué tiempo a eso aún.",Producto,3,100% en Argentina,,,Remoto,No hay,,,,,DeFi,47,Buenos Aires,Argentina,Buenos Aires,Argentina
Estudios de especialización,7/24/2021,Quería cambiar el mundo,Falta de financiamiento,Si,"Fondos propios, Friends & Family, Inversión Ángel",Series A,1 -10,Validé la idea,,"Inversión (equity), Infraestructura corporativa, Go to market",Alianzas con empresas de envios,"Inversión (equity), Infraestructura corporativa, Go to market",Todo tiene solución.,"Nos vemos en la internet, podemos ir hacia todo el mundo sin limites.","Servicio, Producto, Ambas",20...,Entre el 51% y 75%,4500 usd,12000,Híbrido,"Argentina, Delaware (LLC or C-Corp)",,,,,Marketplace,32,Santiago del Estero,Argentina,Cordoba,Argentina
Estudios de especialización,6/28/2023,Desafio,"Falta de conocimiento/skills, Falta de clientes",No,,,,,No los necesitaba,"Desarrollo de producto, Go to market",no,Go to market,ninguna,ninguna,Servicio,2,100% en Argentina,,,Remoto,"no hay, pero estamos armandonos en BVI",,,,,DeFi,30,Buenos Aires,Argentina,Buenos Aires,Argentina
Master,4/3/2020,Oportunidad,"Falta de conocimiento/skills, Falta de clientes, Falta de financiamiento, Riesgo país",No,,,,,No los necesitaba,"Financiamiento (deuda, working capital), Infraestructura corporativa, Conexiones",La diferencia en poder adquisitivo para educación en relación al resto de latam,"Financiamiento (deuda, working capital), Conexiones",Los fee de mercadopago para cobrar en Argentina ,Que en Argentina no es necesario el título universitario para ejercer una profesión ,Servicio,10,Entre el 76% y el 99%,,,Remoto,No hay,,,not,,,32,,Venezuela,Buenos Aires,Argentina
Universitario completo (Institución privada),3/1/2024,No conseguia trabajo,"Falta de conocimiento/skills, Falta de socios, Falta de financiamiento, Riesgo país",No,,,,,No tenía los contactos para hacerlo,"Financiamiento (deuda, working capital), Sistema regulatorio, Velocidad de ejecución",Impuestos y regulaciones ,"Financiamiento (deuda, working capital), Velocidad de ejecución",Burocracia en las transacciones ,Facilidad de uso en montos chicos en billeteras virtuales ,Ambas,1,100% en Argentina,,,Remoto,No hay,,,,,Education,26,Buenos Aires,Argentina,Buenos Aires,Argentina
Secundario completo,10/18/2023,Desafio,"Falta de socios, Falta de financiamiento",Si,"Fondos propios, Fondos de Venture Capital",Series A,21 a 50,No participé,,"Financiamiento (deuda, working capital), Equipo, Conexiones",Sistema de purificación del agua ,"Equipo, ",Ninguna ,Economía ,Ambas,+20000,Entre el 51% y 75%,No lo se,No lo se,Híbrido,Argentina,,repetido,not,,,20,Buenos Aires,Argentina,Buenos Aires,Argentina
Master,7/1/2024,Voy a emprender. Reconversión de mi negocio ,"Falta de clientes, Falta de socios",No,,,,,No los necesitaba,"Go to market, Conexiones",Evangelizar ,"Go to market, Conexiones","Ingresos Brutos, impuestos a los créditos y débitos, IVA...",Plataformas de Financiamiento Colectivo ,Ambas,1,100% en Argentina,,,Remoto,"Argentina, Delaware (LLC or C-Corp)",,,,,Dev shop,34,Córdoba ,Argentina,Cordoba,Argentina
Universitario completo (Institución pública),2/8/2021,Desafio,"Impacto emocional, Falta de financiamiento, Falta de claridad de regulación",Si,"Fondos propios, Inversión Ángel, Fondos de Venture Capital, Grants",Seed,51 a 100,"Validé la idea, Logré obtener inversión / acceso a inversion",,"Inversión (equity), Sistema regulatorio, Velocidad de ejecución",La regulación en seguros parece totalmente restrictiva. El tamaño del mercado hace que no rinda el esfuerzo de tratar de ser complaint con esa regulación ,"Inversión (equity), Sistema regulatorio","Las exigencias para las reaseguradoras no aplican para nuestro caso. Nos piden rating y 5 años de balance porque con otras reaseguradoras la garantía es por confianza, cuando en nuestro caso no tenemos reputación para sostener confianza, pero sí Smart contracts que no requieren confianza ","Ninguna, pero tal vez es una ventaja en algunos casos que habiendo tantas regulaciones, se hace imposible para el Estado controlarlas y en la práctica se pueden hacer muchas cosas aunque no sean legales. ",Producto,11,Entre el 26% y 50%,,,Remoto,Bermuda ,,,,,DeFi,45,Buenos Aires,Argentina,Buenos Aires,Argentina
Secundario completo,2/1/2024,Quería cambiar el mundo,"Falta de socios, Falta de financiamiento",No,,,,,Estoy en busqueda,"Inversión (equity), Financiamiento (deuda, working capital), Equipo, Desarrollo de producto, Ingeniería, Velocidad de ejecución",Financiacion en blockchain,"Inversión (equity), Financiamiento (deuda, working capital), Equipo, Desarrollo de producto, Ingeniería",Asadaic,Pro cripto,"Servicio, Producto, Ambas",3,Entre el 26% y 50%,,,Remoto,No hay,,,not,,?,33,Buenos Aires,Argentina,Buenos Aires,Argentina
Universitario completo (Institución privada),6/17/2022,Quería cambiar el mundo,Falta de financiamiento,No,,,,,"No sabía cómo hacerlo, Más allá de mi desconocimiento, tampoco era necesario en un estadío en donde lo que queríamos era simplemente ofrecer herramientas a artistas, e innovar de manera coherente. Para ello siempre entendimos Newtro como un proyecto que se tenía que construir paso a paso. No se trataba de recibir financiamiento y lanzar un producto que poco tenía que ver con la realidad y necesidades de artistas y coleccionistas dentro de la blockchain (hubo múltiples casos de productos vinculados a NFTs mal diseñados en el bullrun anterior). Nuestro aproach es más orgánico. Hay que entender Newtro no como una empresa, sino como una Fundación.","Financiamiento (deuda, working capital), Conexiones, Sistema regulatorio","Newtro es de las pocas organizaciones artistica en el país trabajando bottom-up. Entendemos que en la blockchain, quienes aportan valor son lxs artistas (debido a la eliminación de lxs intermediarios).Hay pocos proyectos similares (por ende pocas posibilidades de alianzas) y dentro de los pocos que hay, menos aún tienen una lectura acertada sobre cómo utilizar la blockchain para innovar en el mundo del arte. Nos encontramos en una posición particular en donde proyectos locales como también internacionales, observan de cerca lo que hacemos (muchas veces para imitarnos), pero no por ello podríamos decir que tenemos una posición dominante o que que ese ""reconocimiento"" nos ayude de alguna manera. ","Financiamiento (deuda, working capital)","Ninguna en particular, simplemente optamos por operar 100% onchain. Justamente la ausencia de un marco regulatorio claro y pro-crypto es lo que nos mantiene onchain. El día de mañana, Newtro aspira a ser registrada como una Fundación sin fines de lucro, cuando el contexto lo amerite. De momento, podemos funcionar sin estar registrados, sin que ello nos genere mayores inconvenientes.",-,Servicio,11,Entre el 76% y el 99%,-,-,Remoto,No hay,,,,,Education,32,Buenos Aires,Argentina,Buenos Aires,Argentina
Universitario incompleto (Institución privada),9/30/2023,Oportunidad,Falta de financiamiento,No,,,,,No los necesitaba,"Desarrollo de producto, Ingeniería, Velocidad de ejecución",el comercio electronico,"Inversión (equity), Equipo, Ingeniería",la falta de leyes claras en el comercio p2p de una criptomoneda no regulada,"los microemprendimientos que no pueden hacer movimientos bancarizados por estar en negro, necesitan una forma de hacer sus cobros digitales",Servicio,1,100% en Argentina,500usd,0,Remoto,"No hay, marca registrada en inpi. argentina. en proceso de LLC en delaware",,,not,,?,27,,Argentina,Buenos Aires,Argentina
Master,12/1/2023,Somos inquietos por naturalez,"Falta de financiamiento, Falta de claridad de regulación, Riesgo país",Si,Fondos propios,Pre-seed,1 -10,No participé,,"Inversión (equity), Financiamiento (deuda, working capital), Sistema regulatorio",inversion,"Inversión (equity), Financiamiento (deuda, working capital), Sistema regulatorio",Comision Nacional de Mercado de Valores,Desregulacion economica financiera,Ambas,6,Entre el 26% y 50%,,,Híbrido,Delaware (LLC or C-Corp),,,not,,?,59,Buenos Aires,Argentina,,Spain
Universitario completo (Institución privada),9/15/2023,Propósito de vida,Falta de financiamiento,Si,Friends & Family,Pre-seed,1 -10,No participé,,"Inversión (equity), Equipo, Desarrollo de producto, Go to market",Estamos construyendo una solución de pagos global,"Inversión (equity), Desarrollo de producto, Go to market, Conexiones",Políticas relacionadas con regulaciones en países para pagos y kyc,Las que bajen las barreras de onboarding al ecosistema crypto,Servicio,3,100% en Argentina,10k,,Remoto,BVI,,,,,Payments,,Buenos Aires,Argentina,Buenos Aires,Argentina
Secundario completo,8/18/2023,Desafio,"Falta de conocimiento/skills, Falta de financiamiento, Falta de claridad de regulación",No,,,,,"No sabía cómo hacerlo, No tenía los contactos para hacerlo","Financiamiento (deuda, working capital), Desarrollo de producto, Conexiones",Necesitamos mas conocimientos sobre las leyes del pais,"Inversión (equity), Financiamiento (deuda, working capital), Desarrollo de producto",Desconocemos ,Desconocemos ,Ambas,8,Entre el 76% y el 99%,,,Remoto,"No hay, No hay pero tenemos pensado ponerla en uruguay o una LLC",,,,,?,21,,Argentina,Tucuman,Argentina
Master,9/24/2020,Desafio,"Falta de conocimiento/skills, Falta de financiamiento",No,,,,,No tenía los contactos para hacerlo,"Inversión (equity), Equipo","Una de las características únicas que corresponden a la Argentina son sus variables financieras, desde los niveles de inflación, las fluctuaciones e incertidumbre del TC y sus continuas restricciones a la exteriorización de capital o las barreras de conversión del dinero local en divisas. Todas estas variables macro y financieras siempre afectarán de manera directa a los negocios financieros como pueden ser cuentas de inversión o préstamos personales.","Inversión (equity), Equipo","El control o tope para las tasas de interés en préstamos, si bien esto se está dejando atrás y convergiendo a tasas más “normales” a medida que la inflación vaya descendiendo.","Para el cluster Lending nos beneficia la desregulación de tasas y la interoperabilidad de billeteras electrónicas, Para el cluster De-Fi nos beneficia la desregulación, la libre disponibilidad de divisas y las tasas pasivas por debajo de inflación fomentan la búsqueda de tasa por encima de inflación/depreciación",Ambas,2,100% en Argentina,,,Híbrido,Argentina,,,not,,,42,Buenos Aires,Argentina,Buenos Aires,Argentina
Universitario incompleto (Institución privada),12/1/2022,Quería cambiar el mundo,"Falta de conocimiento/skills, Impacto emocional, Falta de clientes, Falta de financiamiento, Falta de claridad de regulación",No,,,,,Estamos validando el producto,"Inversión (equity), Go to market, Conexiones","La falta de financiamiento, de inversionistas y de pedir prestamos a instituciones bancarias.","Inversión (equity), Financiamiento (deuda, working capital), Go to market, Conexiones",Transaccionar con cripto superando el AML y todo lo relaciónado a lo impositivo.,Ni idea...,Producto,5,Entre el 76% y el 99%,,,Híbrido,Argentina,,,,,,25,,Colombia,Buenos Aires,Argentina
Universitario incompleto (Institución pública),5/1/2019,Oportunidad,"Falta de conocimiento/skills, Falta de financiamiento",No,,,,,No sabía cómo hacerlo,"Desarrollo de producto, Go to market",No creo,"Financiamiento (deuda, working capital), Desarrollo de producto",Registro de Proveedores de Servicios de Activos Virtuales,Me beneficiaría la libre circulación de monedas ,Servicio,1,Menos del 25%,,,Remoto,No hay,,,,,,28,Cordoba,Argentina,Cordoba,Argentina
Universitario completo (Institución pública),1/1/2023,Desafio,"Impacto emocional, Falta de clientes, Falta de financiamiento",Si,Grants,Pre-seed,1 -10,No participé,,"Financiamiento (deuda, working capital), Go to market, Conexiones, Sistema regulatorio",Carga impositiva,"Financiamiento (deuda, working capital), Go to market, Conexiones, Sistema regulatorio",Falta de claridad en la tributación de de ingresos obtenidos de producto del mundo Blockchain,N/A,"Servicio, Producto",3,Entre el 51% y 75%,,,Remoto,"Argentina, Delaware (LLC or C-Corp)",,,,,,46,,Venezuela,Buenos Aires,Argentina
Universitario incompleto (Institución privada),1/8/2022,Oportunidad,"Falta de socios, Falta de financiamiento, Riesgo país",Si,Fondos propios,Pre-seed,21 a 50,No participé,,"Inversión (equity), Financiamiento (deuda, working capital), Conexiones",Desarrollo de comunidad & Reglas claras de negocios en la economía,"Inversión (equity), Financiamiento (deuda, working capital), Conexiones","Políticas cerradas y de cambio controlado, todo lo contrario a libertad y apertura económica.","Libertad de cambios, contratos y pautas legales en crypto, blockchain, web3, desarrollo de innovación, aceleración de adopción tecnológica, apertura económica, bajo riesgo país, llamada de inversiones.",Ambas,10,Entre el 76% y el 99%,,,Híbrido,Delaware (LLC or C-Corp),,,,,,30,Buenos Aires,Argentina,Buenos Aires,Argentina
Universitario completo (Institución pública),11/1/2020,Oportunidad,"Impacto emocional, Falta de clientes, Falta de socios, Falta de financiamiento",Si,"Fondos propios, Friends & Family, Grants",Pre-seed,1 -10,"Conocí a otros emprendedores / networking, Me sirvió para armar una comunidad de validadores en Cardano con foco en Latinoamérica",,"Financiamiento (deuda, working capital), Infraestructura corporativa, Equipo, Desarrollo de producto, Ingeniería, Go to market, Conexiones, Velocidad de ejecución","Promover más medios de pago en crypto, ya sea con monedas estables o tokens de comunidades.","Financiamiento (deuda, working capital)",Por el momento ninguna ya que vivo en el exterior. Me perjudicarían los altos impuestos a las crypto.,"Por el momento ninguna ya que vivo en el exterior. Me beneficiaría si puedo establecer mí propia empresa en mí país,  sin necesidad de acudir a residencias como la de Emiratos Árabes (Dubai) para evitar altos impuestos.",Ambas,4,Menos del 25%,,,Remoto,"No hay, Consideraría Argentina de ser adecuado",,,,,?,36,Buenos Aires,Argentina,,Australia
Estudios de especialización,11/21/2023,Desafio,"Impacto emocional, Falta de claridad de regulación, Riesgo país",No,,,,,No los necesitaba,Conexiones,Aportar conocimientos sobre el ecosistema y continuar educando sobre tecnologías ,"Desarrollo de producto, Conexiones",La falta de una ley concreta que habilite la tokenizacion de bienes y servicios ,DNU ,Servicio,3,100% en Argentina,,,Híbrido,Argentina,,,not,,,50,Buenos Aires,Argentina,Buenos Aires,Argentina
Universitario incompleto (Institución pública),1/19/2023,Quería cambiar el mundo,"Falta de socios, Falta de financiamiento, Riesgo país",Si,"Fondos propios, Friends & Family",Pre-seed,21 a 50,"Validé la idea, Obtuve valiosas mentorias, Conocí a otros emprendedores / networking, Logré acceder a más y mejor talento para mi empresa",,"Inversión (equity), Financiamiento (deuda, working capital), Infraestructura corporativa, Velocidad de ejecución",Desconfianza por estafas piramidales ,"Inversión (equity), Financiamiento (deuda, working capital), Velocidad de ejecución",Registrarme como pyme sin facturar para acceder a un credito,Ninguna,Ambas,2,100% en Argentina,600 usd,,Remoto,No hay,,,,,,31,,Argentina,,Argentina
Estudios de especialización,11/29/2023,Desafio,"Falta de conocimiento/skills, Impacto emocional, Falta de clientes, Falta de socios, Falta de financiamiento, Falta de claridad de regulación, Riesgo país",No,,,,,No sabía cómo hacerlo,"Desarrollo de producto, Go to market, Sistema regulatorio, Velocidad de ejecución","En mi caso el sistema impositivo es muy agresivo, lo que dificulta mi salida al mercado. una ","Inversión (equity), Financiamiento (deuda, working capital), Desarrollo de producto, Sistema regulatorio",La regulación impositiva,No lo se concretamente. No lo he analizado,Servicio,3,Entre el 51% y 75%,,,Remoto,No hay,,,,,,28,Mendoza,Argentina,Mendoza,Argentina
Secundario completo,4/1/2024,Oportunidad,Falta de financiamiento,Si,"Fondos propios, Friends & Family, Inversión Ángel",Pre-seed,1 -10,No participé,,"Financiamiento (deuda, working capital), Equipo, Sistema regulatorio",Algunos aspectos legales del agro y la tokenización de activos,Inversión (equity),"No hay una ley que nos trabe, sino la falta de ley deja un gris bastante ambiguo",-,Servicio,9,100% en Argentina,4500 USD,0,Híbrido,Delaware (LLC or C-Corp),,,,,NFTs,20,,,Buenos Aires,Argentina
Master,5/29/2024,Quería cambiar el mundo,"Falta de clientes, Falta de financiamiento, Falta de claridad de regulación",No,,,,,No encontré interesados en el proyecto,"Inversión (equity), Conexiones",No necesariamente,"Inversión (equity), Financiamiento (deuda, working capital), Velocidad de ejecución","Realmente la sobre-regulacion hace que el pais este bastante desregulado, el mercado es en general `negro`. En mi industria madre (vitivinicola) el regulador (INV) nos perjudica totalmente",..,Producto,2,100% en Argentina,,,Remoto,No hay,,,,,,28,Mendoza,Argentina,Mendoza,Argentina
Universitario incompleto (Institución privada),2/1/2024,Quería cambiar el mundo,"Falta de conocimiento/skills, Falta de socios",Si,"Fondos propios, Grants, Gobierno (ANRs)",Pre-seed,1 -10,"Obtuve valiosas mentorias, Conocí a otros emprendedores / networking, Logré acceder a más y mejor talento para mi empresa",,"Infraestructura corporativa, Equipo, Desarrollo de producto, Conexiones","Estamos Hackeando el Sistema, San Isidro es nuestra ciudad Laboratorio.","Inversión (equity), Equipo, Desarrollo de producto, Conexiones",Estamos haciendo la ORDENANZA SandBox para San Isidro,Libertad de Monedas,Ambas,5,100% en Argentina,30K USD,0,Híbrido,No hay,,,,,,38,Buenos Aires,Argentina,Buenos Aires,Argentina
Universitario completo (Institución privada),10/1/2022,Quiero proponer soluciones alternativas a lo tradicional,"Falta de socios, Falta de financiamiento, Falta de espacios y ámbitos afines.",No,,,,,"No sabía cómo hacerlo, Participamos en una convocatoria y quedamos entre los 7 finalistas de 69 proyectos. Luego, nuestra idea quedó descartada porque el VC no tenía equipo para desarrollos con tecnología blockchain y porque nosotros no teníamos en nuestro plantel, un líder comercial.","Equipo, Desarrollo de producto, Go to market, ",Interacción con proyectos existentes,"Inversión (equity), Equipo, Desarrollo de producto",Registros de títulos de propiedad,Tokenización de activos físicos,Ambas,2,100% en Argentina,,,Híbrido,No hay,,,,,,50,Mendoza,Argentina,Buenos Aires,Argentina
Estudios de especialización,7/6/2021,Oportunidad, ,No,,,,,No los necesitaba,"Desarrollo de producto, Go to market, Conexiones",Regulaciones,"Desarrollo de producto, Go to market, Conexiones", , ,Ambas,20,Entre el 51% y 75%,,,Remoto,Delaware (LLC or C-Corp),,,,,Dev shop,45,,Argentina,Buenos Aires,Argentina
Universitario completo (Institución privada),10/30/2022,Desafio,Falta de financiamiento,Si,Grants,Pre-seed,1 -10,"Validé la idea, Obtuve valiosas mentorias, Conocí a otros emprendedores / networking",,"Inversión (equity), Financiamiento (deuda, working capital), Go to market","Ninguno en nuestra area, el playground es el mundo","Inversión (equity), Financiamiento (deuda, working capital)","Cepo cambiario, restriccion a las importaciones",Ninguna,Servicio,6,Entre el 26% y 50%,,,Remoto,Delaware (LLC or C-Corp),,,,,Social,25,Buenos Aires,Argentina,,Poland
Universitario completo (Institución privada),8/1/2023,Oportunidad,Falta de financiamiento,Si,"Fondos propios, Friends & Family",Pre-seed,1 -10,No participé,,"Go to market, Velocidad de ejecución",Es un desafío desarrollar en el mercado Argentino dada a la escasa liquidez de capital o deals que ocurren en el ecosistema crypto argentino. Mas allá de la gran adopción que hay en el país. ,"Inversión (equity), Financiamiento (deuda, working capital), Go to market, Velocidad de ejecución",No tenemos jurisdicción en Argentina. Falta de claridad regulatoria y altos impuestos.,Poder celebrar contratos en cualquier tipo de activo. ,Producto,5,100% en Argentina,,,Híbrido,Delaware (LLC or C-Corp),,,,,NFTs,26,Buenos Aires,Argentina,Buenos Aires,Argentina
Universitario incompleto (Institución pública),6/1/2023,Desafio,"Falta de financiamiento, Falta de claridad de regulación",Si,Inversión Ángel,Seed,21 a 50,No participé,,"Inversión (equity), Sistema regulatorio",-,Inversión (equity),Tiempo de respuesta para sacar licencias ,Que ya hay cierta definición en cuanto a activos digitales,Producto,4,100% en Argentina,7500 usd,1000 usd,Remoto,"Delaware (LLC or C-Corp), BVI, Cayman",,,,,Payments,30,,Argentina,Buenos Aires,Argentina
Universitario incompleto (Institución privada),12/31/2023,Divertirme y generar impacto,"Impacto emocional, Falta de claridad de regulación",Si,Inversión Ángel,Pre-seed,1 -10,"Validé la idea, Obtuve valiosas mentorias, Conocí a otros emprendedores / networking",,"Inversión (equity), Equipo, Desarrollo de producto, Ingeniería, Go to market, Velocidad de ejecución","Los constantes cambios de regulaciones, y lo cerrada que esta nuestra region a las comodidades de los mercados tradicionales","Financiamiento (deuda, working capital), Go to market",La falta de claridad y lo engorroso que es al momento de contratar de gente acá. Lo difícil y la cantidad de burocracia para armar una empresa o sociedad.,La falta de regulaciones hace que sea atractivo y deja un espacio en gris donde blockchain permite cubrir esas necesidades,Producto,6,100% en Argentina,3K,0,Híbrido,BVI,,,not,,RWA,21,Buenos Aires,Argentina,Buenos Aires,Argentina
Master,5/31/2023,Vimos un potencial enorme en el país ,"Falta de conocimiento/skills, Falta de financiamiento, Falta de claridad de regulación, Riesgo país",No,,,,,Estamos en negociación con cámaras de energía ,"Infraestructura corporativa, Equipo, Desarrollo de producto, Sistema regulatorio, Proyecto muy sensible a temas políticos ",Tenemos un proyecto que se puede aplicar en cualquier provincia argentina y a cualquier fuente de energía. Genera además potencial exportador,"Financiamiento (deuda, working capital), Desarrollo de producto, Velocidad de ejecución",Regulación energética - camessa,Agenda climática 2030,Ambas,Actual 6,100% en Argentina,,,Híbrido,A desarrollar según ley bases,,,not,,,49,Rosario ,Argentina,Rosario ,Argentina
Universitario completo (Institución privada),9/1/2023,Oportunidad,"Falta de clientes, Falta de claridad de regulación",No,,,,,No los necesitaba,"Inversión (equity), Equipo, Go to market, Conexiones, Sistema regulatorio",No,"Inversión (equity), Equipo, Go to market, Conexiones, Sistema regulatorio","En crypto es muy volátil, no solo el precio, sino las políticas y regulaciones",Ninguna ,Servicio,1,100% en Argentina,,,Híbrido,Argentina,,,,,Education,22,Buenos Aires,Argentina,Buenos Aires,Argentina
Universitario completo (Institución privada),3/10/2019,Desafio,"Falta de conocimiento/skills, Falta de clientes, infinitos",Si,"Friends & Family, YC",Seed,21 a 50,"Obtuve valiosas mentorias, Conocí a otros emprendedores / networking",,"Financiamiento (deuda, working capital), Equipo, Desarrollo de producto, Ingeniería, Conexiones, Sistema regulatorio, Velocidad de ejecución",cambios de reglas constantes,"Financiamiento (deuda, working capital), Sistema regulatorio",cepo,no se,Servicio,15,100% en Argentina,,,Híbrido,"Argentina, Delaware (LLC or C-Corp)",,,,,CeFi,36,Buenos Aires,Argentina,Buenos Aires,Argentina
Universitario completo (Institución pública),1/3/2022,Desafio,"Falta de conocimiento/skills, Impacto emocional, Falta de clientes, Falta de financiamiento, Falta de claridad de regulación, Riesgo país, Coyuntura Cripto y Tech en 2022",Si,"Fondos propios, Fondos de Venture Capital, Grants",Pre-seed,21 a 50,No participé,,"Equipo, Velocidad de ejecución, Vender",Regulación. Siempre en contra del emprendedor. ,"Financiamiento (deuda, working capital), Infraestructura corporativa, Equipo, Conexiones","Todo. Muy difícil darte de alta, muy difícil cobrar desde el exterior, muy difícil pagar hacia el exterior, muchos riesgos al contratar personal.","Muy buena calidad de desarrolladores de software salen de diversas universidades publicas, privadas y algunos terciarios también. ",Servicio,9,Entre el 51% y 75%,,,Híbrido,-,,,,,Dev shop,40,Buenos Aires,Argentina,Buenos Aires,Argentina
Master,6/21/2018,Visión ,"Falta de clientes, Falta de financiamiento",Si,"Inversión Ángel, Grants",Seed,21 a 50,No participé,,Inversión (equity),Falta de inversiones por parte de los clientes,Inversión (equity),Ninguna,Self custodial,"Servicio, Producto, Ambas",10,Entre el 76% y el 99%,,,Híbrido,Delaware (LLC or C-Corp),,,,,Dev shop,41,,Argentina,,Argentina
Universitario incompleto (Institución pública),1/27/1982,Todavía quiero cambiar el mundo,Falta de financiamiento,Si,"Fondos propios, Friends & Family, Tradicional (Banca)",Pre-seed,+ 100,No participé,,"Financiamiento (deuda, working capital), Conexiones, Velocidad de ejecución",Inestabilidad económica,"Inversión (equity), Financiamiento (deuda, working capital), Conexiones, Velocidad de ejecución",Ninguna,Ninguna,Ambas,1,100% en Argentina,,,Presencial,No hay,,,,,,42,Buenos Aires,Argentina,Buenos Aires,Argentina
Universitario completo (Institución privada),1/2/2022,No conseguia trabajo,"Falta de conocimiento/skills, Impacto emocional, Falta de clientes, Falta de financiamiento",Si,"Fondos propios, Inversión Ángel, Fondos de Venture Capital, Grants",Seed,21 a 50,"Obtuve valiosas mentorias, Conocí a otros emprendedores / networking",,"Financiamiento (deuda, working capital), Infraestructura corporativa, Equipo, Conexiones",No.,"Inversión (equity), Financiamiento (deuda, working capital), Equipo, Conexiones",No me perjudican las regulaciones nacionales.,No me benefician las regulaciones nacionales.,Servicio,+12,Entre el 76% y el 99%,34.000 USD,50.000 USD,Híbrido,"Delaware (LLC or C-Corp), BVI",,repetido,,,,25,Buenos Aires,Argentina,Buenos Aires,Argentina
Universitario completo (Institución pública),3/31/2023,Oportunidad,"Impacto emocional, Falta de socios, Falta de claridad de regulación",No,,,,,No encontré interesados en el proyecto,"Financiamiento (deuda, working capital), Infraestructura corporativa, Go to market, Velocidad de ejecución",Regulación clara,"Financiamiento (deuda, working capital), Go to market",No hay open banking. No se puede hacer transferencias internacionales. Bancos están desincentivados a trabajar con crypto. Es necesario tener licencias para operar (ej. PSP),"Las únicas que me benefician son de otros países. Ej. En El Salvador puedo dar de alta una empresa, es crypto-friendly y se pagan bajos impuestos.",Servicio,9,100% en Argentina,,,Híbrido,LLC en New Mexico ,,,,,CeFi,35,Buenos Aires,Argentina,Buenos Aires,Argentina
Master,3/31/2023,Desafio,"Falta de conocimiento/skills, Impacto emocional, Falta de clientes, Falta de financiamiento",No,,,,,"No sabía cómo hacerlo, No tenía los contactos para hacerlo, No encontré interesados en el proyecto","Inversión (equity), Financiamiento (deuda, working capital), Go to market, Conexiones, Velocidad de ejecución",No,"Financiamiento (deuda, working capital), Desarrollo de producto, Go to market",No aplica,No aplica,Ambas,2,100% en Argentina,5K,No aplica,Remoto,No hay,,,,,Marketing,43,,United States,Buenos Aires,Argentina
Universitario completo (Institución privada),6/6/2007,Desafio,"Falta de conocimiento/skills, Impacto emocional, Falta de clientes, Falta de financiamiento",No,,,,,"No los necesitaba, No tenía los contactos para hacerlo","Inversión (equity), Go to market, Conexiones",Na,"Desarrollo de producto, Go to market, Conexiones, Velocidad de ejecución",No conozco ,No conozco ,Servicio,40,Menos del 25%,100,,Presencial,Uruguay,,,,,Dev shop,43,,Uruguay,,Uruguay
Universitario incompleto (Institución privada),9/6/2022,Desafio,Falta de conocimiento/skills,Si,Grants,Pre-seed,21 a 50,Conocí a otros emprendedores / networking,,Equipo,Nuestro producto es Defi,Equipo,Falta de claridad para establecer la empresa,Claras reglas de juego para dApps,Producto,5,Entre el 51% y 75%,"$5,000","$2,500",Híbrido,No hay,,,,,DeFi,19,Buenos Aires,Argentina,Buenos Aires,Argentina
Universitario completo (Institución privada),8/8/2022,Oportunidad,"Impacto emocional, Falta de financiamiento",No,,,,,No los necesitaba,"Financiamiento (deuda, working capital), Infraestructura corporativa, Conexiones, Velocidad de ejecución","Tipo de cambio, poder adquisitivo de la gente","Infraestructura corporativa, Conexiones, Velocidad de ejecución","Presion impositiva, tramites lentos",Innovaccion y pro-tecnologia,Servicio,40,Entre el 76% y el 99%,,,Remoto,Argentina,,,,,Education,27,Buenos Aires,Argentina,Buenos Aires,Argentina
Universitario completo (Institución privada),6/17/2021,Quería cambiar el mundo,Falta de claridad de regulación,Si,"Inversión Ángel, Fondos de Venture Capital, Grants",Seed,+ 100,"Logré obtener inversión / acceso a inversion, Conocí a otros emprendedores / networking",,"Conexiones, Sistema regulatorio","Facilidades bancarias internacionales (SWIFT), Marco regulatorio cambiante, corrupción burocratica","Infraestructura corporativa, Go to market, Conexiones, Sistema regulatorio",Todas,ninguna,"Servicio, Producto, Ambas",10,Entre el 76% y el 99%,,,Remoto,"Delaware (LLC or C-Corp), VASP",,,,,Infra,33,Buenos Aires,Argentina,,
Estudios de especialización,3/15/2023,Desafio,"Falta de clientes, Riesgo país",Si,Inversión Ángel,Seed,1 -10,No participé,,"Inversión (equity), Infraestructura corporativa, Desarrollo de producto, Conexiones",Captar interes en tematicas poco analizadas,"Inversión (equity), Go to market, Conexiones",Ley de sociedades y leyes impositivas,Ley de software,"Servicio, Producto",7,Entre el 76% y el 99%,,,Remoto,Delaware (LLC or C-Corp),,,not,,,33,Buenos Aires,Argentina,Buenos Aires,Argentina
Master,4/1/0021,Oportunidad,"Falta de conocimiento/skills, Falta de financiamiento, Falta de claridad de regulación",No,,,,,"No tenía los contactos para hacerlo, Aun en búsqueda ","Inversión (equity), Desarrollo de producto, Ingeniería, Go to market, Conexiones",RWA,"Conexiones, Sistema regulatorio","No soy argentino, asi que no me manejo. ",Idem,Servicio,5,Menos del 25%,,,Híbrido,Chile Spa,,,,,?,28,,Chile,,Chile
Universitario completo (Institución privada),3/28/2023,"No me gustaban los otros tools de analítica cripto, o no abarcaban todo en el mismo lugar","Falta de conocimiento/skills, Impacto emocional, Falta de clientes, Falta de socios, Falta de financiamiento",No,,,,,"Hice todo sólo, todo gratis","Go to market, Conexiones, Velocidad de ejecución, Me faltan usuarios, poca gente conoce el producto",El producto es para el mercado internacional,"Go to market, Conexiones, Promoción para atraer más usuarios, advisors con experiencia y conexiones",Falta de acceso a datos abiertos,Acceso gratuitio a datos tanto onchain como offchain,Servicio,"Soy solo builder, pero tengo un advisor desde hace poquito",Entre el 76% y el 99%,,,Remoto,No hay,,,,,?,34,,Rusia,Buenos Aires,Argentina
Master,3/1/2022,Quería cambiar el mundo,Falta de financiamiento,Si,"Fondos propios, Inversión Ángel",Seed,+ 100,"Validé la idea, Obtuve valiosas mentorias, Logré obtener inversión / acceso a inversion, Conocí a otros emprendedores / networking",,"Financiamiento (deuda, working capital), Go to market",No,"Inversión (equity), Financiamiento (deuda, working capital), Go to market",Ninguna,El apoyo con pagos crypto,Servicio,5,Entre el 76% y el 99%,5000,,Remoto,Delaware (LLC or C-Corp),,,,,NFTs,43,Buenos Aires,Argentina,,Argentina
Universitario incompleto (Institución privada),4/1/2022,Quiero que seamos una especie multiplanetaria y cambiar el ritmo de la evolución,"Falta de financiamiento, Riesgo país",Si,"Fondos propios, Friends & Family",Pre-seed,1 -10,No participé,,"Inversión (equity), Equipo, Desarrollo de producto, Ingeniería, Velocidad de ejecución","Quizá el lugar por un tema de las oportunidades de meetings con inversores, pero después hay varias ventajas","Inversión (equity), Equipo, Conexiones",Importación de materiales costosos,Libre mercado,Ambas,4,100% en Argentina,,,Híbrido,No hay,,,not,,,27,Formosa,Argentina,Buenos Aires,Argentina
Secundario completo,12/14/2023,Desafio,Falta de financiamiento,Si,"Fondos propios, Friends & Family",Seed,1 -10,No participé,,Conexiones,Por ahora no ofrezco productos,Inversión (equity),Blanqueo de capital,Mi proyecto es sobre inversion en trading. Por lo tanto no hay mucho que pueda beneficiar en cuestion de política,Servicio,2,Entre el 26% y 50%,10 años,"10,000 usd",Remoto,No hay,,,,,,34,Buenos Aires,Argentina,Buenos Aires,Argentina
Universitario completo (Institución privada),1/8/2024,Quería cambiar el mundo,"Falta de financiamiento, La sede esta en otro país",Si,"Fondos propios, Friends & Family, Fondos de Venture Capital",Pre-seed,1 -10,No participé,,"Inversión (equity), Go to market","La sede esta en otro país. Trabajo en Argentina también (artistas/marcas/organizaciones), sin embargo a veces se complica, pero al ser cripto y digital todo se agiliza.","Inversión (equity), Go to market","Trabajo fuera del país, intenté realizar el proyecto en el país, pero las trabas eran tantas aue desistí. Como es un proyecto global, y de cuestiones de biodiversidad, chau fronteras.",Ninguna,Servicio,3,Entre el 76% y el 99%,,,Remoto,Costa Rica,,,,,,35,,Argentina,,Costa Rica
Universitario completo (Institución privada),5/29/2024,Quería cambiar el mundo,Falta de socios,Si,"Fondos propios, Friends & Family, Grants",Pre-seed,1 -10,Estoy por participar,,"Desarrollo de producto, Go to market",todavia no,"Conexiones, Velocidad de ejecución, Feedback, uso del producto",anti-crypto,pro-crypto,Producto,3,Menos del 25%,,,Híbrido,Delaware (LLC or C-Corp),,,not,,,22,Buenos Aires,Argentina,,United States
Universitario completo (Institución privada),5/1/2022,Desafio,"Falta de conocimiento/skills, Impacto emocional",Si,"Inversión Ángel, Fondos de Venture Capital",Seed,+ 100,No participé,,Velocidad de ejecución,Fraude en pagos ,Velocidad de ejecución,Reventa en la ciudad,Regulation de precios de entradas,Producto,15,100% en Argentina,,,Híbrido,"Argentina, Delaware (LLC or C-Corp)",,repetido,,,,28,Buenos Aires,Argentina,Buenos Aires,Argentina
Universitario completo (Institución privada),1/22/2021,Oportunidad,"Falta de clientes, Falta de socios, Falta de financiamiento, Falta de claridad de regulación, Riesgo país",Si,"Fondos propios, Friends & Family, Inversión Ángel, Fondos de Venture Capital, Grants",Seed,+ 100,"Logré obtener inversión / acceso a inversion, Conocí a otros emprendedores / networking, Logré acceder a más y mejor talento para mi empresa",,"Equipo, Desarrollo de producto, Go to market, Sistema regulatorio, Velocidad de ejecución",Comprender las peculiaridades de la adopción crypto en Argentina ,"Go to market, Conexiones",en especifico todas las regulaciones entorno al uso de cuentas juridicas para realizar cambios y los impuestos asociados ,la ausencia (momentanea) de regulaciones estrictas respecto al comercio de activos digitales más allá de normativas asociadas a AML y Financiamiento al terrorismo ,Ambas,23,Menos del 25%,"75,000 USD","30,000 USD",Híbrido,"Argentina, Delaware (LLC or C-Corp), Cayman, El Salvador",,,,,CeFi,30,,Venezuela,,Venezuela
Universitario completo (Institución pública),8/1/2023,Desafio,"Falta de conocimiento/skills, Impacto emocional, Falta de clientes, Falta de financiamiento",Si,"Fondos propios, Friends & Family, Inversión Ángel, Tradicional (Banca)",Seed,1 -10,No participé,,"Inversión (equity), Financiamiento (deuda, working capital), Sistema regulatorio",Sistema regulatorio actual,"Inversión (equity), Financiamiento (deuda, working capital), Sistema regulatorio",La falta de regulaciones que permitan la tokenización de activos.,"Las que se puedan tomar como ejemplo de otros países, ej El Salvador, que ya poseen un marco regulatorio.",Ambas,7,100% en Argentina,-,-,Remoto,Evaluando El Salvador,,,,,RWA,46,,Argentina,Buenos Aires,Argentina
Master,1/8/2018,Quería cambiar el mundo,"Falta de financiamiento, Falta de claridad de regulación",Si,"Fondos propios, Friends & Family, Inversión Ángel",Seed,+ 100,No participé,,"Financiamiento (deuda, working capital), Desarrollo de producto, Sistema regulatorio","Mas que un desafio unico, para mi es una oportunidad unica poder usar este protocolo que mantiene el valor del dinero en el tiempo en un pais como Argentina donde sufren de hiperinflacion, esto es precisamente para lo que el projecto se creo, y creo que es donde haria mayor impacto.","Financiamiento (deuda, working capital), Equipo, Conexiones, Sistema regulatorio","En general el marco regulatorio global necesita mas claridad para operar sin problemas. Creo que con Crecimiento esto se hace mas favorable ya que la idea es que este apoye a la industria a mejorar la situation del pais. Temas como especificamente regulacion en AML y KYC serian criticos para la adopcion masiva de un protocolo como el nuestro. A su vez, todavia para mi no es tan claro como sera para un protocolo que opera autonomamente, es decir, en DUCATA no hay nadie modificando el codigo, es verdaderamente decentralizado. Creo que al ser tan innovador va a traer consigo nuevas formas de regulacion, por eso es ideal contar con un gobierno que apoye y cree politicas que benefician a la vez protegen al los participantes de la red.","Un poco repitiendo el punto de mas arriba, creo que mientras haya una sinergia positiva entre las regulaciones del gobierno y los proyectos con sus innovaciones, todos podrian salir beneficiados de esto. Un protocolo que propone una forma de dinero que mantiene su valor en el tiempo y que responde a movimientos del mercado para determinar su valor es algo que tiene un alto impacto de beneficio para quien lo use. En nuestros planes esta ofrecer nuestro producto a bancos, para que personas puedan guardar su dinero en DUCA currency para mantener su valor en el largo plazo. Creo que eso tambien requerira colaboracion por parte de regulaciones y sera muy beneficioso para el publico. ",Producto,8,Menos del 25%,,,Remoto,BVI,,,,,DeFi,30,,Italia,,Netherlands
Universitario completo (Institución pública),8/1/2023,Oportunidad,Falta de clientes,No,,,,,"No sabía cómo hacerlo, No tenía los contactos para hacerlo","Financiamiento (deuda, working capital), Conexiones",Búsqueda de Clientes nuevos,"Financiamiento (deuda, working capital), Conexiones",Ninguna,No hay políticas ,Servicio,7,100% en Argentina,200000,4000000,Híbrido,Argentina,,,,,,25,,Argentina,Buenos Aires,Argentina
Universitario completo (Institución privada),3/8/2021,Emprendo desde los 17 años,"Falta de conocimiento/skills, Falta de socios, Falta de financiamiento, Falta de claridad de regulación",No,,,,,La estrategia es hacer bootstrapping lo mas posible antes de ir con inversores ,"Financiamiento (deuda, working capital), Go to market, Velocidad de ejecución",Sistema regulatorio no federal,"Inversión (equity), Go to market, Conexiones",las que son restrictivas a la innovacion y fiscalmente agobiantes. ,las que favorecen el desarrollo de nuevas empresas y ayudan a que inicien .,Ambas,40,Entre el 26% y 50%,,,Híbrido,"Argentina, Delaware (LLC or C-Corp), España",,,,,,38,Mendoza,Argentina,Neuquen ,Argentina
Universitario completo (Institución pública),1/1/2022,Desafio,"Falta de clientes, Falta de financiamiento, Riesgo país",Si,"Fondos propios, Inversión Ángel",Pre-seed,1 -10,Obtuve valiosas mentorias,,"Inversión (equity), Financiamiento (deuda, working capital)",Los desafíos con los que nos enfrentamos no son por el mercado Argentino. Hoy no  tenemos impacto solo por ser Argentina. ,"Financiamiento (deuda, working capital)","En Argentina, las regulaciones cambiarias que restringen la compra de divisas y la dificultad para acceder a financiamiento internacional, junto con altas tasas de impuestos y costos laborales, pueden afectar negativamente a las empresas de videojuegos.","Actualmente, no hay regulaciones claras que beneficien significativamente a las empresas de videojuegos en Argentina. Sería beneficioso contar con fondos no reembolsables para equipamiento y acceso a créditos a tasas bajas o subsidiadas, pero estos son escasos.",Ambas,6,Entre el 51% y 75%,,,Remoto,Argentina,,,,,,35,Mendoza,Argentina,Mendoza,Argentina
Universitario completo (Institución pública),6/18/2021,Oportunidad,"Falta de claridad de regulación, Falta de claridad en cómo junta guita, armar el legal setup, etc",Si,"Inversión Ángel, Fondos de Venture Capital, Grants",Seed,21 a 50,No participé,,"Infraestructura corporativa, Desarrollo de producto, Sistema regulatorio","Ni idea, estaba fuera de arg already ","Infraestructura corporativa, Desarrollo de producto, Go to market, Sistema regulatorio","La falta de, o sea, no saber si casa cosa q haces es legal o no ",Ni idea,Producto,6,Menos del 25%,100k,0,Remoto,BVI,,,,,,39,Buenos Aires,Argentina,,Portugal
Master,1/1/2024,Desafio,"Falta de conocimiento/skills, Falta de socios, Falta de financiamiento, Riesgo país",No,,,,,"No encontré interesados en el proyecto, entiendo que debo pulir mi proyecto","Inversión (equity), Equipo, Desarrollo de producto",el mercado argentino es dificil pero cuenta con buenos insumos humanos,"Inversión (equity), Equipo, Desarrollo de producto",incertidumbre falta de regulacion en particular de securities,ninguna,Ambas,3,100% en Argentina,,,Presencial,"Argentina, Delaware (LLC or C-Corp)",,,,,,49,Buenos Aires,Argentina,Buenos Aires,Argentina
Universitario completo (Institución pública),1/1/2024,Quería cambiar el mundo,Falta de socios,No,,,,,No tenía los contactos para hacerlo,"Inversión (equity), Conexiones, Asociar el CTO adecuado.",Cambiar el paradigma de producción de la industria cinematográfica y audiovisual.,"Inversión (equity), Financiamiento (deuda, working capital), Equipo","En un futuro lejano, probablemente, los sindicatos (sadaic, sica, sadem, aaa, etc...).","Por el momento, la ausencia de regulaciones en áreas cómo la AI, web 3.0, blockchain.",Ambas,2,100% en Argentina,,,Remoto,"No hay, Evaluamos una estructura tipo Cayman sandwich (probablemente con Argentina) al levantar el seed Capital.",,,,,,46,,Brazil,Buenos Aires,Argentina
Universitario completo (Institución privada),1/1/2024,Oportunidad,"Falta de conocimiento/skills, Falta de claridad de regulación",Si,"Friends & Family, Inversión Ángel",Pre-seed,1 -10,No participé,,"Go to market, Sistema regulatorio",Marco Regulatorio,"Inversión (equity), Sistema regulatorio",Fallta de regulacion en Argentina,N/A,Producto,10,Entre el 76% y el 99%,,,Híbrido,Cayman,,,,,,48,Buenos Aires,Argentina,Buenos Aires,Argentina
Universitario completo (Institución privada),11/1/2023,Desafio,"Falta de conocimiento/skills, Impacto emocional, Falta de clientes, Falta de claridad de regulación",No,,,,,No los necesitaba,"Desarrollo de producto, Go to market, Conexiones, Velocidad de ejecución",Principalmente la centralización del ecosistema en Buenos Aires y la falta de financiamiento.,"Desarrollo de producto, Go to market, Conexiones, Velocidad de ejecución",A priori ninguna.,A priori ninguna.,Producto,3,100% en Argentina,,,Remoto,No hay,,,,,,28,Chaco,Argentina,Chaco,Argentina